Photo,DSM
IMG_3925.JPEG,11
IMG_3928.JPEG,11
IMG_3929.JPEG,11
IMG_3930.JPEG,11
IMG_3932.JPEG,11
IMG_3934.JPEG,11
IMG_3935.JPEG,11
IMG_3951.JPEG,10
IMG_3953.JPEG,10
IMG_3955.JPEG,10
IMG_3957.JPEG,10
IMG_3959.JPEG,10
IMG_3960.JPEG,10
IMG_3963.JPEG,9
IMG_3964.JPEG,9
IMG_3965.JPEG,9
IMG_3967.JPEG,9
IMG_3968.JPEG,9
IMG_3969.JPEG,9
IMG_3970.JPEG,9
IMG_3989.JPEG,10
IMG_3991.JPEG,10
IMG_3993.JPEG,10
IMG_3994.JPEG,10
IMG_3995.JPEG,10
IMG_3997.JPEG,10
IMG_3999.JPEG,10
IMG_4003.JPEG,10
IMG_4005.JPEG,10
IMG_4006.JPEG,10
IMG_4008.JPEG,10
IMG_4009.JPEG,10
IMG_4010.JPEG,10
IMG_4011.JPEG,10
IMG_4197.JPEG,11
IMG_4199.JPEG,11
IMG_4200.JPEG,11
IMG_4201.JPEG,11
IMG_4202.JPEG,11
IMG_4203.JPEG,11
IMG_4204.JPEG,11
IMG_4208.JPEG,9
IMG_4209.JPEG,9
IMG_4210.JPEG,9
IMG_4211.JPEG,9
IMG_4212.JPEG,9
IMG_4213.JPEG,9
IMG_4214.JPEG,9
IMG_4215.JPEG,9
IMG_4241.JPEG,10
IMG_4242.JPEG,10
IMG_4243.JPEG,10
IMG_4244.JPEG,10
IMG_4245.JPEG,10
IMG_4246.JPEG,10
IMG_4247.JPEG,10
IMG_4260.JPEG,10
IMG_4261.JPEG,10
IMG_4262.JPEG,10
IMG_4263.JPEG,10
IMG_4264.JPEG,10
IMG_4265.JPEG,10
IMG_4267.JPEG,9
IMG_4268.JPEG,9
IMG_4269.JPEG,9
IMG_4270.JPEG,9
IMG_4271.JPEG,9
IMG_4273.JPEG,11
IMG_4274.JPEG,11
IMG_4275.JPEG,11
IMG_4276.JPEG,11
IMG_4277.JPEG,11
IMG_4278.JPEG,11
IMG_4287.JPEG,11
IMG_4288.JPEG,11
IMG_4289.JPEG,11
IMG_4290.JPEG,11
IMG_4291.JPEG,11
IMG_4114.JPEG,10
IMG_4115.JPEG,10
IMG_4116.JPEG,10
IMG_4119.JPEG,10
IMG_4120.JPEG,10
IMG_4122.JPEG,10
IMG_4124.JPEG,11
IMG_4125.JPEG,11
IMG_4126.JPEG,11
IMG_4127.JPEG,11
IMG_4128.JPEG,11
IMG_4129.JPEG,11
IMG_4131.JPEG,10
IMG_4132.JPEG,10
IMG_4133.JPEG,10
IMG_4134.JPEG,10
IMG_4135.JPEG,10
IMG_4136.JPEG,10
IMG_4153.JPEG,11
IMG_4154.JPEG,11
IMG_4155.JPEG,11
IMG_4156.JPEG,11
IMG_4157.JPEG,11
IMG_4158.JPEG,11
IMG_4160.JPEG,10
IMG_4161.JPEG,10
IMG_4162.JPEG,10
IMG_4163.JPEG,10
IMG_4164.JPEG,10
IMG_4165.JPEG,10
IMG_4167.JPEG,10
IMG_4168.JPEG,10
IMG_4169.JPEG,10
IMG_4170.JPEG,10
IMG_4171.JPEG,10
IMG_4172.JPEG,10
IMG_4174.JPEG,11
IMG_4175.JPEG,11
IMG_4176.JPEG,11
IMG_4177.JPEG,11
IMG_4178.JPEG,11
IMG_4179.JPEG,11
IMG_4180.JPEG,11
IMG_4182.JPEG,10
IMG_4183.JPEG,10
IMG_4184.JPEG,10
IMG_4185.JPEG,10
IMG_4186.JPEG,10
IMG_4187.JPEG,10
IMG_4047.JPEG,12
IMG_4048.JPEG,12
IMG_4049.JPEG,12
IMG_4050.JPEG,12
IMG_4051.JPEG,12
IMG_4052.JPEG,12
IMG_4053.JPEG,12
IMG_4054.JPEG,12
IMG_4057.JPEG,12
IMG_4058.JPEG,12
IMG_4061.JPEG,12
IMG_4062.JPEG,12
IMG_4063.JPEG,12
IMG_4077.JPEG,10
IMG_4078.JPEG,10
IMG_4079.JPEG,10
IMG_4080.JPEG,10
IMG_4081.JPEG,10
IMG_4082.JPEG,10
IMG_4099.JPEG,10
IMG_4100.JPEG,10
IMG_4101.JPEG,10
IMG_4102.JPEG,10
IMG_4103.JPEG,10
IMG_4104.JPEG,10
IMG_4105.JPEG,10
IMG_4107.JPEG,13
IMG_4108.JPEG,13
IMG_4109.JPEG,13
IMG_4110.JPEG,13
IMG_4111.JPEG,13
IMG_4112.JPEG,13
IMG_3646.JPEG,9
IMG_3648.JPEG,9
IMG_3650.JPEG,9
IMG_3652.JPEG,9
IMG_3654.JPEG,9
IMG_3670.JPEG,10
IMG_3672.JPEG,10
IMG_3674.JPEG,10
IMG_3675.JPEG,10
IMG_3676.JPEG,10
IMG_3677.JPEG,10
IMG_3698.JPEG,12
IMG_3700.JPEG,12
IMG_3701.JPEG,12
IMG_3704.JPEG,12
IMG_3706.JPEG,12
IMG_3708.JPEG,12
IMG_3711.JPEG,10
IMG_3713.JPEG,10
IMG_3715.JPEG,10
IMG_3717.JPEG,10
IMG_3718.JPEG,10
IMG_3720.JPEG,10
IMG_3724.JPEG,10
IMG_3726.JPEG,10
IMG_3727.JPEG,10
IMG_3729.JPEG,10
IMG_3732.JPEG,10
IMG_3733.JPEG,10
IMG_3736.JPEG,9
IMG_3738.JPEG,9
IMG_3739.JPEG,9
IMG_3741.JPEG,9
IMG_3744.JPEG,9
IMG_3747.JPEG,10
IMG_3749.JPEG,10
IMG_3750.JPEG,10
IMG_3752.JPEG,10
IMG_3754.JPEG,10
IMG_3799.JPEG,13
IMG_3802.JPEG,13
IMG_3804.JPEG,13
IMG_3805.JPEG,13
IMG_3807.JPEG,13
IMG_3809.JPEG,13
IMG_3813.JPEG,13
IMG_3814.JPEG,13
IMG_3817.JPEG,9
IMG_3818.JPEG,9
IMG_3821.JPEG,9
IMG_3822.JPEG,9
IMG_3825.JPEG,9
IMG_3827.JPEG,9
IMG_3831.JPEG,10
IMG_3833.JPEG,10
IMG_3835.JPEG,10
IMG_3836.JPEG,10
IMG_3837.JPEG,10
IMG_3839.JPEG,10
IMG_3880.JPEG,10
IMG_3882.JPEG,10
IMG_3884.JPEG,10
IMG_3886.JPEG,10
IMG_3887.JPEG,10
IMG_3888.JPEG,10
IMG_3889.JPEG,10
IMG_3891.JPEG,10
IMG_3893.JPEG,10
IMG_3897.JPEG,12
IMG_3899.JPEG,12
IMG_3900.JPEG,12
IMG_3902.JPEG,12
IMG_3905.JPEG,12
IMG_3906.JPEG,12
IMG_3909.JPEG,12
IMG_3634.JPEG,14
IMG_3636.JPEG,14
IMG_3638.JPEG,14
IMG_3639.JPEG,14
IMG_3640.JPEG,14
IMG_3641.JPEG,14
IMG_3547.JPEG,14
IMG_3552.JPEG,14
IMG_3555.JPEG,14
IMG_3557.JPEG,14
IMG_3558.JPEG,14
IMG_3561.JPEG,14
IMG_3562.JPEG,14
IMG_3565.JPEG,14
IMG_3567.JPEG,14
IMG_3570.JPEG,14
IMG_3571.JPEG,14
IMG_3574.JPEG,14
IMG_3576.JPEG,13
IMG_3577.JPEG,13
IMG_3580.JPEG,13
IMG_3582.JPEG,13
IMG_3584.JPEG,13
IMG_3587.JPEG,12
IMG_3590.JPEG,12
IMG_3592.JPEG,12
IMG_3594.JPEG,12
IMG_3596.JPEG,12
IMG_3599.JPEG,13
IMG_3600.JPEG,13
IMG_3603.JPEG,13
IMG_3604.JPEG,13
IMG_3605.JPEG,13
IMG_3606.JPEG,13
IMG_3608.JPEG,13
IMG_3610.JPEG,12
IMG_3613.JPEG,12
IMG_3615.JPEG,12
IMG_3616.JPEG,12
IMG_3618.JPEG,12
IMG_3620.JPEG,12
IMG_4309.JPEG,9
IMG_4310.JPEG,9
IMG_4311.JPEG,9
IMG_4314.JPEG,9
IMG_4315.JPEG,9
IMG_4316.JPEG,9
IMG_4317.JPEG,9
IMG_4319.JPEG,9
IMG_4320.JPEG,9
IMG_4321.JPEG,9
IMG_4324.JPEG,9
IMG_4327.JPEG,10
IMG_4328.JPEG,10
IMG_4330.JPEG,10
IMG_4331.JPEG,10
IMG_4333.JPEG,10
IMG_4334.JPEG,10
IMG_4338.JPEG,10
IMG_4339.JPEG,10
IMG_4340.JPEG,10
IMG_4342.JPEG,10
IMG_4343.JPEG,10
IMG_4344.JPEG,10
IMG_4355.JPEG,8
IMG_4356.JPEG,8
IMG_4359.JPEG,8
IMG_4361.JPEG,8
IMG_4362.JPEG,8
IMG_4364.JPEG,8
IMG_4388.JPEG,9
IMG_4390.JPEG,9
IMG_4393.JPEG,9
IMG_4394.JPEG,9
IMG_4396.JPEG,9
IMG_4399.JPEG,9
IMG_4402.JPEG,9
IMG_4404.JPEG,9
IMG_4406.JPEG,9
IMG_4407.JPEG,9
IMG_4410.JPEG,9
IMG_4435.JPEG,9
IMG_4437.JPEG,9
IMG_4439.JPEG,9
IMG_4440.JPEG,9
IMG_4442.JPEG,9
IMG_4443.JPEG,9
IMG_4445.JPEG,9
IMG_4447.JPEG,9
IMG_4448.JPEG,9
IMG_4450.JPEG,9
IMG_4451.JPEG,9
IMG_4452.JPEG,11
IMG_4453.JPEG,11
IMG_4454.JPEG,11
IMG_4455.JPEG,11
IMG_4456.JPEG,11
IMG_4457.JPEG,11
IMG_4459.JPEG,9
IMG_4460.JPEG,9
IMG_4461.JPEG,9
IMG_4463.JPEG,9
IMG_4464.JPEG,9
IMG_4465.JPEG,10
IMG_4468.JPEG,10
IMG_4470.JPEG,10
IMG_4472.JPEG,10
IMG_4474.JPEG,10
IMG_4475.JPEG,10
IMG_5127.JPEG,6
IMG_5129.JPEG,6
IMG_5130.JPEG,6
IMG_5131.JPEG,6
IMG_5133.JPEG,6
IMG_5134.JPEG,6
IMG_5135.JPEG,6
IMG_5105.JPEG,4
IMG_5107.JPEG,4
IMG_5108.JPEG,4
IMG_5110.JPEG,4
IMG_5112.JPEG,4
IMG_5113.JPEG,4
IMG_5115.JPEG,4
IMG_5116.JPEG,5
IMG_5117.JPEG,5
IMG_5119.JPEG,5
IMG_5120.JPEG,5
IMG_5121.JPEG,5
IMG_5123.JPEG,5
IMG_5124.JPEG,5
IMG_5273.JPEG,10
IMG_5275.JPEG,10
IMG_5277.JPEG,10
IMG_5279.JPEG,10
IMG_5280.JPEG,10
IMG_5293.JPEG,8
IMG_5294.JPEG,8
IMG_5296.JPEG,8
IMG_5297.JPEG,8
IMG_5298.JPEG,8
IMG_5300.JPEG,8
IMG_5302.JPEG,8
IMG_5303.JPEG,8
IMG_5304.JPEG,5
IMG_5305.JPEG,5
IMG_5306.JPEG,5
IMG_5307.JPEG,5
IMG_5308.JPEG,5
IMG_5310.JPEG,5
IMG_5311.JPEG,5
IMG_5149.JPEG,10
IMG_5150.JPEG,10
IMG_5151.JPEG,10
IMG_5153.JPEG,10
IMG_5154.JPEG,10
IMG_5156.JPEG,12
IMG_5157.JPEG,12
IMG_5158.JPEG,12
IMG_5159.JPEG,12
IMG_5160.JPEG,12
IMG_5161.JPEG,12
IMG_5162.JPEG,12
IMG_5163.JPEG,12
IMG_5173.JPEG,11
IMG_5174.JPEG,11
IMG_5176.JPEG,11
IMG_5178.JPEG,11
IMG_5179.JPEG,11
IMG_5181.JPEG,11
IMG_5182.JPEG,12
IMG_5183.JPEG,12
IMG_5186.JPEG,12
IMG_5189.JPEG,12
IMG_5190.JPEG,12
IMG_5191.JPEG,12
IMG_5192.JPEG,12
IMG_5206.JPEG,11
IMG_5208.JPEG,11
IMG_5209.JPEG,11
IMG_5210.JPEG,11
IMG_5211.JPEG,11
IMG_5212.JPEG,11
IMG_5214.JPEG,11
IMG_5215.JPEG,11
IMG_5217.JPEG,11
IMG_5218.JPEG,11
IMG_5220.JPEG,10
IMG_5222.JPEG,10
IMG_5224.JPEG,10
IMG_5226.JPEG,10
IMG_5228.JPEG,10
IMG_5230.JPEG,10
