Photo,DSM,hue_median,sat_median,val_median,lab_a_median,lab_b_median,hue_std,sat_std,pixels,segmentation_method,fallback_reason
IMG_3925.JPEG,11.0,19.0,255.0,173.0,147.0,186.0,0.9537806214766902,11.934218818639632,51255,classical,
IMG_3928.JPEG,11.0,19.0,255.0,184.0,147.0,189.0,0.823030945744322,12.892732333562803,50490,classical,
IMG_3929.JPEG,11.0,19.0,255.0,159.0,146.0,183.0,0.9969905433165379,9.454518202915526,52159,classical,
IMG_3930.JPEG,11.0,19.0,255.0,184.0,148.0,189.0,0.7022885374404408,10.534031240659367,51111,classical,
IMG_3932.JPEG,11.0,19.0,250.0,176.0,146.0,187.0,0.7637118970646231,8.512012748977163,49441,classical,
IMG_3934.JPEG,11.0,19.0,252.0,158.0,145.0,182.0,0.8577859818097964,10.051245031591378,51191,classical,
IMG_3935.JPEG,11.0,19.0,250.0,184.0,147.0,189.0,0.6819666342953717,12.315992302030999,50536,classical,
IMG_3951.JPEG,10.0,19.0,250.0,161.0,145.0,183.0,0.8060775774296405,13.273315373258633,51849,classical,
IMG_3953.JPEG,10.0,19.0,247.0,184.0,147.0,189.0,0.736595377764997,12.902118854883959,50071,classical,
IMG_3955.JPEG,10.0,19.0,248.0,178.0,146.0,187.0,0.726759801803605,12.335912572698486,51084,classical,
IMG_3957.JPEG,10.0,19.0,251.0,168.0,146.0,185.0,0.8046156006946572,12.85264564549211,52057,classical,
IMG_3959.JPEG,10.0,19.0,253.0,147.0,144.0,180.0,0.8437748234208656,16.692301492606585,53881,classical,
IMG_3960.JPEG,10.0,19.0,247.0,181.0,146.0,187.0,0.6396802198627273,13.768401956471346,50127,classical,
IMG_3963.JPEG,9.0,20.0,250.0,159.0,142.0,183.0,0.910847717403505,18.279994092404763,54513,classical,
IMG_3964.JPEG,9.0,20.0,250.0,173.0,143.0,187.0,0.9479923010160499,13.916716158735877,52860,classical,
IMG_3965.JPEG,9.0,20.0,244.0,154.0,141.0,181.0,0.9136760502584326,14.673987750279139,52772,classical,
IMG_3967.JPEG,9.0,19.0,236.0,165.0,142.0,183.0,0.7410184218321861,12.984298576634231,52307,classical,
IMG_3968.JPEG,9.0,19.0,237.0,173.0,143.0,186.0,0.794340334367584,15.940319161106903,53193,classical,
IMG_3969.JPEG,9.0,20.0,238.0,181.0,143.0,188.0,0.7580744522462403,12.090163119651196,51841,classical,
IMG_3970.JPEG,9.0,20.0,252.0,180.0,145.0,189.0,0.809442314694293,15.574841951229597,53477,classical,
IMG_3989.JPEG,10.0,19.0,250.0,150.0,145.0,180.0,0.7744990110788083,13.769649007373173,49544,classical,
IMG_3991.JPEG,10.0,19.0,249.0,182.0,147.0,188.0,0.708348164144617,13.442407015714428,48343,classical,
IMG_3993.JPEG,10.0,19.0,249.0,179.0,146.0,188.0,0.6938576307175289,14.283495597970102,48369,classical,
IMG_3994.JPEG,10.0,19.0,251.0,181.0,146.0,188.0,0.6494334185822037,13.184467455691092,48658,classical,
IMG_3995.JPEG,10.0,19.0,252.0,150.0,144.0,180.0,0.7855409827143232,12.778383100867826,49764,classical,
IMG_3997.JPEG,10.0,19.0,251.0,150.0,145.0,180.0,0.780929918432578,12.243814624259908,49704,classical,
IMG_3999.JPEG,10.0,20.0,242.0,164.0,140.0,185.0,0.6522300450628767,13.258955203883762,59103,classical,
IMG_4003.JPEG,10.0,20.0,242.0,175.0,141.0,188.0,0.659989234615704,13.61234418490646,58952,classical,
IMG_4005.JPEG,10.0,21.0,243.0,185.0,140.0,190.0,0.6422989539259092,14.008953219687593,58659,classical,
IMG_4006.JPEG,10.0,20.0,241.0,187.0,141.0,191.0,0.6238975085285218,13.975946503723936,58494,classical,
IMG_4008.JPEG,10.0,20.0,245.0,180.0,141.0,189.0,0.6323418208991771,14.02592499323457,58847,classical,
IMG_4009.JPEG,10.0,20.0,247.0,163.0,140.0,185.0,0.6892469305865917,11.745812871024347,59768,classical,
IMG_4010.JPEG,10.0,21.0,247.0,180.0,140.0,189.0,0.6779751603159838,14.02929614607249,60053,classical,
IMG_4011.JPEG,10.0,21.0,247.0,183.0,140.0,190.0,0.665988053211912,13.91965215596404,59914,classical,
IMG_4197.JPEG,11.0,20.0,250.0,159.0,143.0,183.0,0.8097844793943172,15.62301670347728,55580,classical,
IMG_4199.JPEG,11.0,20.0,249.0,175.0,143.0,187.0,0.7974603605200883,14.694000639635055,55110,classical,
IMG_4200.JPEG,11.0,20.0,252.0,180.0,143.0,188.0,0.7700300608494368,15.953428841215775,53838,classical,
IMG_4201.JPEG,11.0,19.0,252.0,173.0,144.0,187.0,0.8439043780746329,15.90982931857501,54969,classical,
IMG_4202.JPEG,11.0,19.0,253.0,155.0,142.0,182.0,0.9201356212631124,16.31750657476538,56463,classical,
IMG_4203.JPEG,11.0,20.0,251.0,185.0,143.0,190.0,0.6706441069749355,16.06856626855451,54298,classical,
IMG_4204.JPEG,11.0,20.0,251.0,180.0,144.0,189.0,0.7063025830109605,15.569192490727328,54263,classical,
IMG_4208.JPEG,9.0,20.0,247.0,145.0,140.0,180.0,0.862650333301489,24.38663849496746,58376,classical,
IMG_4209.JPEG,9.0,20.0,243.0,154.0,140.0,182.0,0.8739904693466062,21.70771577553081,56717,classical,
IMG_4210.JPEG,9.0,20.0,248.0,173.0,141.0,187.0,0.6972501990065676,18.879583700329892,54464,classical,
IMG_4211.JPEG,9.0,20.0,251.0,178.0,141.0,189.0,0.681353492030832,18.531923734189643,54232,classical,
IMG_4212.JPEG,9.0,20.0,247.0,161.0,140.0,184.0,0.6778314706092945,17.23735565831222,55306,classical,
IMG_4213.JPEG,9.0,20.0,246.0,158.0,140.0,183.0,0.6801021242880442,17.70425748519926,55942,classical,
IMG_4214.JPEG,9.0,21.0,249.0,179.0,140.0,189.0,0.5712839684030458,18.931510839101012,53728,classical,
IMG_4215.JPEG,9.0,21.0,249.0,177.0,140.0,189.0,0.6038716292526931,19.049235167666385,54105,classical,
IMG_4241.JPEG,10.0,20.0,255.0,173.0,142.0,187.0,0.6541924917012002,14.521816578654436,52000,classical,
IMG_4242.JPEG,10.0,20.0,254.0,172.0,142.0,187.0,0.6506643505724722,14.440524508555967,52002,classical,
IMG_4243.JPEG,10.0,20.0,254.0,179.0,143.0,189.0,0.6944878954189725,14.43467056135219,51234,classical,
IMG_4244.JPEG,10.0,20.0,254.0,177.0,143.0,189.0,0.7147080378742096,13.20387704764164,51237,classical,
IMG_4245.JPEG,10.0,20.0,255.0,152.0,141.0,182.0,0.8689320485437065,13.713503259124776,52292,classical,
IMG_4246.JPEG,10.0,20.0,255.0,157.0,141.0,183.0,0.8255033582026806,14.390077231587213,52537,classical,
IMG_4247.JPEG,10.0,20.0,254.0,179.0,142.0,189.0,0.6619665337904906,12.337316515554203,51146,classical,
IMG_4260.JPEG,10.0,20.0,255.0,152.0,142.0,182.0,0.7969756505685144,17.361830869517235,54180,classical,
IMG_4261.JPEG,10.0,20.0,254.0,176.0,143.0,188.0,0.733007402413345,14.203805333958178,52033,classical,
IMG_4262.JPEG,10.0,20.0,253.0,176.0,143.0,188.0,0.7175858096020362,12.309918061697072,51261,classical,
IMG_4263.JPEG,10.0,20.0,248.0,180.0,142.0,189.0,0.5821587925563299,13.838747762509986,51499,classical,
IMG_4264.JPEG,10.0,20.0,247.0,174.0,142.0,187.0,0.6268890429081276,14.081587377184672,52202,classical,
IMG_4265.JPEG,10.0,20.0,245.0,178.0,143.0,188.0,0.5880584265454984,12.888909261306004,51138,classical,
IMG_4267.JPEG,9.0,21.0,228.0,163.0,137.0,184.0,0.6258029046612127,18.57120856480615,48492,classical,
IMG_4268.JPEG,9.0,21.0,226.0,172.0,137.0,186.0,0.5392003125285058,19.11052936738325,48197,classical,
IMG_4269.JPEG,9.0,20.0,230.0,153.0,138.0,181.0,0.6359986848112393,19.30741403234157,48635,classical,
IMG_4270.JPEG,9.0,21.0,235.0,172.0,138.0,187.0,0.6782056584696999,17.890874629873643,47590,classical,
IMG_4271.JPEG,9.0,21.0,245.0,184.0,139.0,191.0,0.7407658256152383,16.00333500889924,46966,classical,
IMG_4273.JPEG,11.0,19.0,255.0,153.0,143.0,182.0,0.7753093580527353,19.551134029620073,49650,classical,
IMG_4274.JPEG,11.0,19.0,253.0,156.0,143.0,183.0,0.6601893705489188,15.585904861522106,47946,classical,
IMG_4275.JPEG,11.0,20.0,254.0,176.0,144.0,188.0,0.7116377160513337,13.202277297357268,46102,classical,
IMG_4276.JPEG,11.0,20.0,255.0,179.0,144.0,189.0,0.7118467998576533,13.139133757434161,47078,classical,
IMG_4277.JPEG,11.0,20.0,255.0,171.0,143.0,187.0,0.7096123007370889,14.547368181251732,47286,classical,
IMG_4278.JPEG,11.0,20.0,255.0,175.0,143.0,188.0,0.6404390001345688,14.11063004831784,46119,classical,
IMG_4287.JPEG,11.0,20.0,249.0,159.0,142.0,183.0,0.6410257706877283,14.192960718653552,56459,classical,
IMG_4288.JPEG,11.0,20.0,249.0,160.0,142.0,184.0,0.6717642796780247,13.861812083253739,56183,classical,
IMG_4289.JPEG,11.0,20.0,249.0,162.0,142.0,184.0,0.699117108079694,12.508777687633934,55885,classical,
IMG_4290.JPEG,11.0,20.0,247.0,165.0,142.0,185.0,0.6186076899675971,10.665980408606918,55392,classical,
IMG_4291.JPEG,11.0,20.0,248.0,159.0,142.0,183.0,0.6820120163911938,13.576481575163076,57546,classical,
IMG_4114.JPEG,10.0,19.0,255.0,151.0,143.0,181.0,0.9856720398610653,9.093244226846812,43063,classical,
IMG_4115.JPEG,10.0,20.0,255.0,167.0,144.0,185.0,0.9319719926130305,8.062669620041426,41810,classical,
IMG_4116.JPEG,10.0,20.0,255.0,169.0,143.0,186.0,0.8159900737153513,8.46781196126914,41232,classical,
IMG_4119.JPEG,10.0,20.0,255.0,174.0,144.0,187.0,0.9054517834411944,7.406583382916753,41943,classical,
IMG_4120.JPEG,10.0,20.0,255.0,162.0,143.0,184.0,0.8546326161273492,5.882263687603079,40936,classical,
IMG_4122.JPEG,10.0,19.0,255.0,151.0,143.0,181.0,0.9752288733976359,12.228714534648196,43447,classical,
IMG_4124.JPEG,11.0,19.0,255.0,144.0,144.0,179.0,0.841275790233982,9.249537030038546,44217,classical,
IMG_4125.JPEG,11.0,19.0,255.0,141.0,144.0,178.0,0.8963360510904389,10.740998917746799,45091,classical,
IMG_4126.JPEG,11.0,19.0,255.0,153.0,145.0,181.0,0.8938035123374901,8.417888133664341,44721,classical,
IMG_4127.JPEG,11.0,19.0,255.0,172.0,147.0,186.0,0.7733953334599573,8.482756509686752,43206,classical,
IMG_4128.JPEG,11.0,19.0,255.0,179.0,146.0,188.0,0.7641147349992091,9.108295889004028,43004,classical,
IMG_4129.JPEG,11.0,19.0,255.0,174.0,147.0,187.0,0.7213635150660657,8.187672661959844,42468,classical,
IMG_4131.JPEG,10.0,20.0,255.0,182.0,145.0,190.0,0.750910578415215,7.086284458251614,45244,classical,
IMG_4132.JPEG,10.0,20.0,255.0,178.0,145.0,189.0,0.762972159711682,7.95844541367178,45869,classical,
IMG_4133.JPEG,10.0,19.0,255.0,171.0,145.0,187.0,0.8277572692510294,5.43718416376065,46708,classical,
IMG_4134.JPEG,10.0,20.0,255.0,171.0,144.0,187.0,0.8375314142346719,9.583092063045026,47273,classical,
IMG_4135.JPEG,10.0,19.0,255.0,144.0,143.0,180.0,0.9299704422723155,16.3100768149003,49753,classical,
IMG_4136.JPEG,10.0,19.0,255.0,150.0,143.0,181.0,0.8338336215732701,16.524744293419314,49596,classical,
IMG_4153.JPEG,11.0,18.0,255.0,161.0,149.0,183.0,0.8072214133121779,5.624790483408892,41807,classical,
IMG_4154.JPEG,11.0,18.0,255.0,165.0,148.0,184.0,0.7269332284339093,8.327360437955196,41710,classical,
IMG_4155.JPEG,11.0,18.0,255.0,174.0,149.0,187.0,0.6286570087323511,6.58489247528618,41598,classical,
IMG_4156.JPEG,11.0,18.0,255.0,170.0,149.0,185.0,0.6527783405522278,5.911530563888593,41795,classical,
IMG_4157.JPEG,11.0,18.0,255.0,156.0,148.0,182.0,0.6338554327009069,5.192934717222348,41007,classical,
IMG_4158.JPEG,11.0,18.0,255.0,154.0,148.0,181.0,0.6983391824726025,5.06908235065172,41129,classical,
IMG_4160.JPEG,10.0,20.0,255.0,151.0,142.0,182.0,1.0874790251227497,10.712122007989516,43004,classical,
IMG_4161.JPEG,10.0,20.0,255.0,160.0,142.0,184.0,1.0757802344965115,10.700815615031287,42984,classical,
IMG_4162.JPEG,10.0,20.0,255.0,180.0,143.0,189.0,0.9663034080151917,8.626837377338628,41719,classical,
IMG_4163.JPEG,10.0,20.0,255.0,179.0,143.0,189.0,0.9281999916351477,9.34825231128902,41289,classical,
IMG_4164.JPEG,10.0,20.0,255.0,179.0,143.0,189.0,0.9247918291560594,12.602452044839561,42179,classical,
IMG_4165.JPEG,10.0,20.0,255.0,157.0,142.0,183.0,1.1738104232557938,16.863894237591918,43618,classical,
IMG_4167.JPEG,10.0,20.0,255.0,160.0,143.0,184.0,1.0959636610888108,14.088540123210342,50890,classical,
IMG_4168.JPEG,10.0,20.0,255.0,164.0,143.0,185.0,1.0509100136186584,12.576632222593268,50478,classical,
IMG_4169.JPEG,10.0,20.0,255.0,148.0,142.0,181.0,1.1785800036486889,18.055946384009893,52508,classical,
IMG_4170.JPEG,10.0,20.0,255.0,190.0,144.0,192.0,0.7035659738567237,3.8608307623841123,47774,classical,
IMG_4171.JPEG,10.0,20.0,255.0,185.0,144.0,190.0,0.8079096633019461,7.537608577298344,47948,classical,
IMG_4172.JPEG,10.0,20.0,255.0,183.0,143.0,190.0,0.802433399236957,8.693875434943232,48444,classical,
IMG_4174.JPEG,11.0,18.0,255.0,147.0,147.0,179.0,0.8778006258978827,6.233095191823495,43489,classical,
IMG_4175.JPEG,11.0,18.0,255.0,156.0,148.0,182.0,0.8070292426436458,6.2998915341335096,43424,classical,
IMG_4176.JPEG,11.0,18.0,255.0,169.0,148.0,185.0,0.799953087676059,6.124996740940922,42869,classical,
IMG_4177.JPEG,11.0,18.0,255.0,180.0,149.0,188.0,0.7699576191023406,5.757540575913461,42747,classical,
IMG_4178.JPEG,11.0,18.0,255.0,179.0,149.0,188.0,0.7750756191458267,10.761331818211735,42725,classical,
IMG_4179.JPEG,11.0,19.0,255.0,186.0,149.0,189.0,0.6898548502723536,5.679338349117729,42472,classical,
IMG_4180.JPEG,11.0,18.0,255.0,181.0,149.0,188.0,0.7063524566794285,7.399049281544785,42660,classical,
IMG_4182.JPEG,10.0,19.0,255.0,160.0,145.0,184.0,0.8829668804753303,9.716446836868823,45842,classical,
IMG_4183.JPEG,10.0,19.0,255.0,173.0,145.0,187.0,0.8577127601174751,11.416243797873102,45506,classical,
IMG_4184.JPEG,10.0,19.0,255.0,173.0,145.0,187.0,0.8210422906806123,8.597040519103926,45390,classical,
IMG_4185.JPEG,10.0,19.0,255.0,148.0,143.0,180.0,0.9530577691435861,14.94197129712807,48383,classical,
IMG_4186.JPEG,10.0,19.0,255.0,164.0,144.0,184.0,0.8520188025368841,10.504190053920949,46885,classical,
IMG_4187.JPEG,10.0,19.0,255.0,147.0,143.0,180.0,0.7950581482568136,10.158686863000202,46826,classical,
IMG_4047.JPEG,12.0,17.0,255.0,158.0,152.0,181.0,1.0988650747065947,15.901090749900261,48573,classical,
IMG_4048.JPEG,12.0,17.0,255.0,173.0,154.0,185.0,0.9028910967461906,11.23111646738991,47302,classical,
IMG_4049.JPEG,12.0,17.0,255.0,174.0,154.0,185.0,0.8511677439205019,12.404164956201377,46661,classical,
IMG_4050.JPEG,12.0,17.0,255.0,148.0,150.0,179.0,1.1846308993458494,23.213895597597503,52143,classical,
IMG_4051.JPEG,12.0,17.0,255.0,154.0,151.0,180.0,1.1375452966165387,23.628881502328078,51633,classical,
IMG_4052.JPEG,12.0,17.0,255.0,168.0,154.0,183.0,0.9827448378074137,19.606792609480394,49782,classical,
IMG_4053.JPEG,12.0,17.0,255.0,165.0,153.0,183.0,1.0155616816285375,20.497715824736247,49995,classical,
IMG_4054.JPEG,12.0,17.0,255.0,173.0,154.0,185.0,0.7548799415492224,13.960246152135637,47196,classical,
IMG_4057.JPEG,12.0,16.0,255.0,147.0,151.0,178.0,1.009068919181446,10.168304699287402,49953,classical,
IMG_4058.JPEG,12.0,16.0,255.0,139.0,150.0,176.0,1.1653889688307077,13.148724574393967,51064,classical,
IMG_4061.JPEG,12.0,16.0,255.0,136.0,150.0,175.0,1.370119830603959,15.954125180259846,52270,classical,
IMG_4062.JPEG,12.0,16.0,255.0,146.0,152.0,178.0,1.2156811613262173,14.07188457440634,52029,classical,
IMG_4063.JPEG,12.0,16.0,255.0,162.0,154.0,182.0,0.8129588483006617,7.624808568604222,48314,classical,
IMG_4077.JPEG,10.0,19.0,255.0,165.0,146.0,184.0,0.9922617284013998,10.48644859279202,47253,classical,
IMG_4078.JPEG,10.0,19.0,255.0,165.0,147.0,184.0,1.1376801862960513,11.622111432715531,48028,classical,
IMG_4079.JPEG,10.0,19.0,255.0,181.0,147.0,189.0,0.8528352183732647,11.273188406421353,46594,classical,
IMG_4080.JPEG,10.0,19.0,255.0,180.0,147.0,188.0,0.7669850736780103,9.533055364686463,46101,classical,
IMG_4081.JPEG,10.0,19.0,255.0,178.0,147.0,188.0,0.7889918823982155,9.61934291312349,46458,classical,
IMG_4082.JPEG,10.0,19.0,255.0,183.0,146.0,189.0,0.7690895673364713,11.080073175981797,45734,classical,
IMG_4099.JPEG,10.0,21.0,251.0,168.0,140.0,187.0,0.777446212337472,12.507140406846418,48657,classical,
IMG_4100.JPEG,10.0,21.0,253.0,172.0,141.0,188.0,0.7334069772675669,8.774710679750443,48164,classical,
IMG_4101.JPEG,10.0,21.0,254.0,177.0,141.0,189.0,0.7359555383351454,9.949310224742359,48491,classical,
IMG_4102.JPEG,10.0,21.0,252.0,170.0,140.0,187.0,0.7348301060569761,12.525959762189753,48712,classical,
IMG_4103.JPEG,10.0,21.0,250.0,157.0,139.0,184.0,0.784066458909624,12.526859433804628,49204,classical,
IMG_4104.JPEG,10.0,21.0,252.0,150.0,139.0,182.0,0.7734199165493175,13.464202281954906,49526,classical,
IMG_4105.JPEG,10.0,21.0,253.0,149.0,139.0,182.0,0.8672585741192651,12.742804261671163,49576,classical,
IMG_4107.JPEG,13.0,15.0,255.0,144.0,154.0,176.0,1.772731718138173,21.266881025204214,48403,classical,
IMG_4108.JPEG,13.0,16.0,255.0,171.0,157.0,183.0,1.1087439521773974,10.474842100349514,42872,classical,
IMG_4109.JPEG,13.0,15.0,255.0,167.0,156.0,182.0,1.1872038636117206,11.26524672095886,44377,classical,
IMG_4110.JPEG,13.0,15.0,255.0,156.0,156.0,179.0,1.6055359388077557,20.9516822577059,47285,classical,
IMG_4111.JPEG,13.0,15.0,255.0,162.0,156.0,181.0,1.279809232826525,16.242581212251395,46098,classical,
IMG_4112.JPEG,13.0,15.0,255.0,161.0,156.0,181.0,1.2417097722363497,16.98255570248394,45505,classical,
IMG_3646.JPEG,9.0,21.0,255.0,141.0,138.0,180.0,0.7071501984304039,12.876476112652771,49165,classical,
IMG_3648.JPEG,9.0,21.0,255.0,160.0,138.0,185.0,0.5128085606379013,13.419533491115425,48110,classical,
IMG_3650.JPEG,9.0,21.0,255.0,168.0,139.0,187.0,0.4984131782180324,16.18614725848349,47614,classical,
IMG_3652.JPEG,9.0,21.0,255.0,184.0,139.0,192.0,0.5320018770762627,15.59525360574205,48068,classical,
IMG_3654.JPEG,9.0,21.0,255.0,151.0,139.0,183.0,0.7786415043704131,13.402286458324076,49709,classical,
IMG_3670.JPEG,10.0,19.0,255.0,163.0,144.0,184.0,1.1147368148825378,15.057606979323257,53741,classical,
IMG_3672.JPEG,10.0,20.0,255.0,185.0,145.0,190.0,0.837180548623801,8.42026356828174,51682,classical,
IMG_3674.JPEG,10.0,20.0,255.0,173.0,144.0,187.0,0.8260646798640323,7.39695503571861,52771,classical,
IMG_3675.JPEG,10.0,19.0,255.0,151.0,143.0,181.0,0.9943369796480898,9.288289629704186,54264,classical,
IMG_3676.JPEG,10.0,19.0,255.0,142.0,142.0,179.0,1.1074152792363352,16.020133445104623,56325,classical,
IMG_3677.JPEG,10.0,20.0,255.0,170.0,143.0,187.0,0.8959140519084691,7.90839023151396,51487,classical,
IMG_3698.JPEG,12.0,19.0,255.0,153.0,145.0,181.0,1.373181727792299,24.511441565000947,45313,classical,
IMG_3700.JPEG,12.0,19.0,255.0,163.0,145.0,184.0,1.2872684947796336,22.35557884641495,44106,classical,
IMG_3701.JPEG,12.0,19.0,255.0,176.0,146.0,188.0,0.9588777669830032,16.884980466233042,40598,classical,
IMG_3704.JPEG,12.0,19.0,255.0,179.0,147.0,188.0,0.9921045742567023,18.17130363147058,41335,classical,
IMG_3706.JPEG,12.0,19.0,255.0,144.0,144.0,179.0,1.569422073431505,35.43903303247505,49340,classical,
IMG_3708.JPEG,12.0,19.0,255.0,178.0,147.0,188.0,0.9486301172684027,13.561738523828094,41621,classical,
IMG_3711.JPEG,10.0,20.0,255.0,173.0,144.0,187.0,0.9178990082854356,9.136099090991019,57127,classical,
IMG_3713.JPEG,10.0,19.0,255.0,153.0,143.0,182.0,1.0760206356517308,9.738286597806786,59400,classical,
IMG_3715.JPEG,10.0,20.0,255.0,182.0,145.0,190.0,0.8361974571354195,7.43598234144767,56470,classical,
IMG_3717.JPEG,10.0,20.0,255.0,163.0,143.0,185.0,0.9113163034444984,7.038088775442565,57313,classical,
IMG_3718.JPEG,10.0,20.0,255.0,184.0,143.0,190.0,0.857518475872933,6.515121900675095,56914,classical,
IMG_3720.JPEG,10.0,20.0,255.0,182.0,144.0,190.0,0.878096626605265,7.037923936321286,57419,classical,
IMG_3724.JPEG,10.0,20.0,255.0,166.0,143.0,185.0,0.9327820463626516,17.39568811836911,51096,classical,
IMG_3726.JPEG,10.0,20.0,255.0,180.0,143.0,190.0,0.7570022515507255,12.503123895937321,47331,classical,
IMG_3727.JPEG,10.0,20.0,255.0,164.0,143.0,185.0,0.9213907151303294,11.159080245182224,50087,classical,
IMG_3729.JPEG,10.0,20.0,255.0,180.0,144.0,189.0,0.7496269898653538,12.110560868126095,47786,classical,
IMG_3732.JPEG,10.0,19.0,255.0,148.0,143.0,181.0,1.0873872554908395,21.377108069003796,53178,classical,
IMG_3733.JPEG,10.0,20.0,255.0,177.0,143.0,188.0,0.7759444005192185,12.406869531218222,48424,classical,
IMG_3736.JPEG,9.0,20.0,255.0,160.0,143.0,184.0,0.8789369958143868,8.145616705566955,42268,classical,
IMG_3738.JPEG,9.0,20.0,255.0,179.0,143.0,189.0,0.6543817936163997,10.659328020571861,40118,classical,
IMG_3739.JPEG,9.0,20.0,255.0,158.0,143.0,183.0,0.8958909262585765,16.11537520956759,43531,classical,
IMG_3741.JPEG,9.0,20.0,255.0,143.0,142.0,180.0,0.9786980962041685,13.082524380807609,43943,classical,
IMG_3744.JPEG,9.0,20.0,255.0,183.0,143.0,190.0,0.6068503802535582,15.276608168877573,40304,classical,
IMG_3747.JPEG,10.0,19.0,255.0,150.0,144.0,181.0,0.9571373940489287,11.654062447120877,42303,classical,
IMG_3749.JPEG,10.0,19.0,255.0,167.0,144.0,185.0,0.8313097870310385,11.058789687633775,41676,classical,
IMG_3750.JPEG,10.0,19.0,255.0,178.0,146.0,188.0,0.6158585878684738,10.385874072761792,39547,classical,
IMG_3752.JPEG,10.0,20.0,255.0,170.0,144.0,186.0,0.8313265211157777,13.025132519531095,42116,classical,
IMG_3754.JPEG,10.0,19.0,255.0,170.0,145.0,186.0,0.6439738139652078,9.116623188378822,40154,classical,
IMG_3799.JPEG,13.0,17.0,255.0,179.0,152.0,187.0,0.6754145518405628,9.661673202155125,51016,classical,
IMG_3802.JPEG,13.0,18.0,255.0,177.0,151.0,186.0,0.6311081049110981,9.992866100193872,50476,classical,
IMG_3804.JPEG,13.0,17.0,255.0,174.0,152.0,186.0,0.6413502904835955,7.857022180129298,51082,classical,
IMG_3805.JPEG,13.0,17.0,255.0,147.0,149.0,178.0,0.7531382694967642,9.50121837813302,52622,classical,
IMG_3807.JPEG,13.0,17.0,255.0,140.0,148.0,177.0,0.8042421193112891,8.430040122780198,52679,classical,
IMG_3809.JPEG,13.0,17.0,255.0,152.0,150.0,180.0,0.6313074010458753,8.64711392109225,50487,classical,
IMG_3813.JPEG,13.0,17.0,255.0,186.0,153.0,188.0,0.5696917574679395,8.539021254254218,50695,classical,
IMG_3814.JPEG,13.0,17.0,255.0,179.0,152.0,187.0,0.5223550093874643,11.017397722984038,49870,classical,
IMG_3817.JPEG,9.0,21.0,249.0,165.0,140.0,185.0,0.6730278698944668,10.960705525562666,48945,classical,
IMG_3818.JPEG,9.0,21.0,254.0,182.0,141.0,191.0,0.5754031316703517,10.10548319801571,48769,classical,
IMG_3821.JPEG,9.0,21.0,252.0,175.0,141.0,189.0,0.6262243967406229,10.259295120583149,49401,classical,
IMG_3822.JPEG,9.0,21.0,248.0,169.0,139.0,187.0,0.5733140559107089,12.8423821208441,48706,classical,
IMG_3825.JPEG,9.0,21.0,250.0,153.0,139.0,183.0,0.6630975892975141,11.325433363509134,50464,classical,
IMG_3827.JPEG,9.0,21.0,248.0,188.0,140.0,191.0,0.520232073089882,14.393007454090137,47903,classical,
IMG_3831.JPEG,10.0,19.0,255.0,171.0,145.0,186.0,0.8846814954242559,6.233790465831376,47885,classical,
IMG_3833.JPEG,10.0,20.0,255.0,173.0,144.0,187.0,0.8105636234883142,8.538972532910945,47254,classical,
IMG_3835.JPEG,10.0,19.0,255.0,175.0,145.0,187.0,0.8297415159721304,8.46924921054797,47759,classical,
IMG_3836.JPEG,10.0,19.0,255.0,174.0,145.0,187.0,0.7724222317573445,10.311633483525526,47466,classical,
IMG_3837.JPEG,10.0,19.0,255.0,148.0,143.0,180.0,0.7834008252403035,8.41081127986666,48436,classical,
IMG_3839.JPEG,10.0,20.0,255.0,171.0,144.0,187.0,0.8062986506449711,8.529092724180233,47466,classical,
IMG_3880.JPEG,10.0,19.0,255.0,146.0,143.0,180.0,0.7342929972664608,8.597533524853503,44766,classical,
IMG_3882.JPEG,10.0,19.0,255.0,174.0,145.0,187.0,0.6336286271810234,10.267476291117497,43438,classical,
IMG_3884.JPEG,10.0,20.0,251.0,180.0,144.0,189.0,0.6265117365369292,12.593574520858926,43200,classical,
IMG_3886.JPEG,10.0,19.0,252.0,173.0,144.0,187.0,0.6267399307625747,12.753619833403855,43070,classical,
IMG_3887.JPEG,10.0,19.0,253.0,152.0,143.0,182.0,0.578028214906286,9.57166736581422,43891,classical,
IMG_3888.JPEG,10.0,19.0,252.0,153.0,143.0,182.0,0.5752102542801814,9.84517642732125,43553,classical,
IMG_3889.JPEG,10.0,20.0,251.0,187.0,144.0,190.0,0.5785043887386168,18.488512753716062,41975,classical,
IMG_3891.JPEG,10.0,20.0,249.0,188.0,144.0,190.0,0.5846787409937745,16.757350764018817,41502,classical,
IMG_3893.JPEG,10.0,19.0,252.0,166.0,143.0,185.0,0.5261911018045232,11.003776904068166,42720,classical,
IMG_3897.JPEG,12.0,18.0,254.0,176.0,148.0,187.0,0.5189430589335141,8.183176332202473,49379,classical,
IMG_3899.JPEG,12.0,19.0,254.0,182.0,147.0,189.0,0.39296666948413733,9.97914098807753,49201,classical,
IMG_3900.JPEG,12.0,19.0,255.0,190.0,148.0,191.0,0.33562318115905043,13.460353665129057,48507,classical,
IMG_3902.JPEG,12.0,19.0,255.0,155.0,145.0,182.0,0.5223566438130962,8.921928967030869,48955,classical,
IMG_3905.JPEG,12.0,19.0,255.0,191.0,148.0,191.0,0.2825672503742471,8.30582465105267,48678,classical,
IMG_3906.JPEG,12.0,19.0,255.0,165.0,146.0,185.0,0.4285552275609607,7.5211121470790765,49428,classical,
IMG_3909.JPEG,12.0,19.0,254.0,188.0,148.0,190.0,0.2980230843400373,10.27885508173665,49614,classical,
IMG_3634.JPEG,14.0,15.0,255.0,154.0,155.0,179.0,0.941820716351615,12.128655741125966,46378,classical,
IMG_3636.JPEG,14.0,16.0,255.0,169.0,156.0,183.0,0.7460586472167176,9.790133386747273,43777,classical,
IMG_3638.JPEG,14.0,16.0,255.0,158.0,156.0,180.0,0.9126430586781401,8.541003886893302,45733,classical,
IMG_3639.JPEG,14.0,15.0,255.0,164.0,156.0,182.0,0.7901496817699792,7.771446947332393,44884,classical,
IMG_3640.JPEG,14.0,16.0,255.0,166.0,156.0,182.0,0.7477722201815068,7.319418018810514,44368,classical,
IMG_3641.JPEG,14.0,15.0,255.0,146.0,154.0,177.0,1.1500093403431273,10.626027974053263,47450,classical,
IMG_3547.JPEG,14.0,15.0,255.0,148.0,154.0,177.0,1.8709784029917051,30.56252629755566,51373,classical,
IMG_3552.JPEG,14.0,15.0,255.0,157.0,155.0,180.0,1.0352362825423354,11.775563014338218,44718,classical,
IMG_3555.JPEG,14.0,16.0,255.0,151.0,154.0,178.0,1.2157220278384548,16.572900252183846,46780,classical,
IMG_3557.JPEG,14.0,15.0,255.0,153.0,155.0,178.0,1.8607245783849367,30.871213909698536,52147,classical,
IMG_3558.JPEG,14.0,15.0,255.0,139.0,152.0,175.0,2.2205758938684625,34.99372189377464,53998,classical,
IMG_3561.JPEG,14.0,15.0,255.0,147.0,153.0,177.0,2.0186907033310266,32.039780465628276,52312,classical,
IMG_3562.JPEG,14.0,16.0,255.0,146.0,153.0,177.0,0.9890038624402042,16.039813681055936,44770,classical,
IMG_3565.JPEG,14.0,16.0,255.0,161.0,155.0,181.0,0.7841179480436323,12.01502920331238,42688,classical,
IMG_3567.JPEG,14.0,16.0,255.0,172.0,156.0,184.0,0.6505928671779633,14.013909407626072,41373,classical,
IMG_3570.JPEG,14.0,16.0,255.0,160.0,155.0,181.0,0.8882422763567277,11.460197019916855,43959,classical,
IMG_3571.JPEG,14.0,16.0,255.0,147.0,153.0,178.0,0.93797237346385,14.039107373061105,44808,classical,
IMG_3574.JPEG,14.0,16.0,255.0,174.0,156.0,184.0,0.5736958055335172,12.449284735910776,42231,classical,
IMG_3576.JPEG,13.0,16.0,255.0,161.0,153.0,181.0,1.0135215391331167,6.738723637129277,45894,classical,
IMG_3577.JPEG,13.0,17.0,255.0,169.0,154.0,184.0,0.9179223662033513,7.528034727724814,45062,classical,
IMG_3580.JPEG,13.0,17.0,255.0,170.0,154.0,184.0,0.859950724865917,7.622484026690579,45575,classical,
IMG_3582.JPEG,13.0,16.0,255.0,145.0,151.0,178.0,1.1146131196335232,8.594832615332974,47025,classical,
IMG_3584.JPEG,13.0,16.0,255.0,136.0,150.0,175.0,1.2516861962023373,14.203816507181628,48705,classical,
IMG_3587.JPEG,12.0,17.0,255.0,168.0,152.0,183.0,0.8476119715061606,7.2654156268686005,42150,classical,
IMG_3590.JPEG,12.0,17.0,255.0,170.0,152.0,184.0,0.8347243146721555,9.966858135777862,42262,classical,
IMG_3592.JPEG,12.0,17.0,255.0,144.0,150.0,177.0,1.017653929262136,14.116643944329017,45378,classical,
IMG_3594.JPEG,12.0,17.0,255.0,136.0,149.0,175.0,0.9321575002704674,10.738265080404464,43923,classical,
IMG_3596.JPEG,12.0,17.0,255.0,171.0,152.0,184.0,0.7575881453167931,10.040314395031945,41438,classical,
IMG_3599.JPEG,13.0,15.0,255.0,145.0,154.0,177.0,0.9708993066983086,7.498876658617016,46477,classical,
IMG_3600.JPEG,13.0,16.0,255.0,165.0,156.0,182.0,0.7633676780666953,10.757397423049618,44141,classical,
IMG_3603.JPEG,13.0,15.0,255.0,168.0,157.0,182.0,0.7044118030018722,7.645708193501391,44806,classical,
IMG_3604.JPEG,13.0,15.0,255.0,146.0,154.0,177.0,1.0333613542018156,5.472990715943803,46872,classical,
IMG_3605.JPEG,13.0,15.0,255.0,136.0,153.0,174.0,1.1047154195300224,6.83094632065816,46582,classical,
IMG_3606.JPEG,13.0,15.0,255.0,166.0,156.0,182.0,0.7051083890950143,11.815463035456629,43437,classical,
IMG_3608.JPEG,13.0,15.0,255.0,173.0,157.0,184.0,0.6649847894530646,12.345834130868694,44075,classical,
IMG_3610.JPEG,12.0,18.0,255.0,147.0,148.0,179.0,0.8872728947529398,8.846482402168755,43689,classical,
IMG_3613.JPEG,12.0,18.0,255.0,164.0,149.0,183.0,0.7732772365264515,10.24474276416757,42204,classical,
IMG_3615.JPEG,12.0,18.0,255.0,168.0,150.0,184.0,0.8680688991656093,10.28515642014383,42573,classical,
IMG_3616.JPEG,12.0,17.0,255.0,155.0,150.0,180.0,0.9000441568642715,7.76646715283176,42868,classical,
IMG_3618.JPEG,12.0,18.0,255.0,143.0,147.0,178.0,0.8934776065274973,10.05231012266506,43552,classical,
IMG_3620.JPEG,12.0,18.0,255.0,168.0,150.0,184.0,0.7575911609501068,11.50529330643962,42431,classical,
IMG_4309.JPEG,9.0,20.0,251.0,181.0,142.0,190.0,0.6502316566057791,13.494236838359758,43539,classical,
IMG_4310.JPEG,9.0,20.0,245.0,169.0,141.0,186.0,0.5734658280098803,15.158449975772934,43922,classical,
IMG_4311.JPEG,9.0,20.0,246.0,172.0,141.0,187.0,0.5920468987719456,15.279401483675649,43785,classical,
IMG_4314.JPEG,9.0,20.0,248.0,178.0,141.0,189.0,0.6899159546780111,15.83861214890254,44406,classical,
IMG_4315.JPEG,9.0,20.0,240.0,166.0,140.0,185.0,0.6910611087821629,14.282378718315252,44412,classical,
IMG_4316.JPEG,9.0,20.0,240.0,149.0,139.0,180.0,0.6883913993261342,15.739825437959245,44591,classical,
IMG_4317.JPEG,9.0,20.0,237.0,162.0,140.0,184.0,0.6097025703242074,13.340515345863906,43583,classical,
IMG_4319.JPEG,9.0,20.0,245.0,169.0,141.0,186.0,0.6356311719342898,14.010192551848077,43988,classical,
IMG_4320.JPEG,9.0,20.0,251.0,179.0,142.0,189.0,0.6803073451749811,13.36907596016563,43521,classical,
IMG_4321.JPEG,9.0,20.0,246.0,180.0,141.0,189.0,0.6208579374547599,12.892825366110497,42483,classical,
IMG_4324.JPEG,9.0,21.0,251.0,178.0,141.0,189.0,0.6574094634594578,12.897767364909047,42009,classical,
IMG_4327.JPEG,10.0,21.0,249.0,148.0,138.0,181.0,0.8505721222367965,20.37490602865902,51120,classical,
IMG_4328.JPEG,10.0,21.0,250.0,157.0,138.0,184.0,0.8593597842835627,18.842240112681623,50926,classical,
IMG_4330.JPEG,10.0,21.0,254.0,181.0,140.0,191.0,0.6656929166665271,13.703024688357848,48940,classical,
IMG_4331.JPEG,10.0,21.0,254.0,180.0,141.0,190.0,0.7817365875303707,19.511619731083233,51378,classical,
IMG_4333.JPEG,10.0,21.0,252.0,171.0,139.0,188.0,0.7460298341025774,20.41402617561009,51093,classical,
IMG_4334.JPEG,10.0,21.0,254.0,181.0,140.0,191.0,0.6067934044064189,12.067579443342456,47974,classical,
IMG_4338.JPEG,10.0,20.0,241.0,152.0,140.0,181.0,0.6822167592468117,17.143778629404032,48000,classical,
IMG_4339.JPEG,10.0,21.0,245.0,186.0,141.0,191.0,0.552427696259894,16.65974464491782,45794,classical,
IMG_4340.JPEG,10.0,21.0,244.0,189.0,141.0,191.0,0.5414915656344902,15.722281293890205,46127,classical,
IMG_4342.JPEG,10.0,20.0,245.0,185.0,141.0,191.0,0.5508879537297262,16.508373760003455,47553,classical,
IMG_4343.JPEG,10.0,20.0,245.0,179.0,141.0,189.0,0.5413165033341579,17.716394796637346,48125,classical,
IMG_4344.JPEG,10.0,20.0,245.0,160.0,140.0,183.0,0.7537627954962854,18.93863867066428,48952,classical,
IMG_4355.JPEG,8.0,21.0,246.0,156.0,137.0,183.0,0.7706125676967615,19.2793535801287,45635,classical,
IMG_4356.JPEG,8.0,21.0,252.0,164.0,139.0,186.0,0.7827964843399557,17.81129218331198,45046,classical,
IMG_4359.JPEG,8.0,21.0,251.0,172.0,138.0,188.0,0.6590725816363523,17.76120096920433,43632,classical,
IMG_4361.JPEG,8.0,21.0,252.0,165.0,138.0,187.0,0.752744852625473,18.279248562520287,44896,classical,
IMG_4362.JPEG,8.0,21.0,243.0,157.0,137.0,183.0,0.780205957299334,21.138988961227664,45565,classical,
IMG_4364.JPEG,8.0,21.0,252.0,170.0,139.0,188.0,0.6425289717574723,18.31555899471948,44955,classical,
IMG_4388.JPEG,9.0,20.0,239.0,156.0,141.0,181.0,0.6981421735483091,14.366350345004918,46734,classical,
IMG_4390.JPEG,9.0,20.0,245.0,174.0,143.0,187.0,0.5731985716499631,15.54338123972523,45830,classical,
IMG_4393.JPEG,9.0,20.0,248.0,182.0,143.0,190.0,0.4446873510559263,14.191797529655423,45470,classical,
IMG_4394.JPEG,9.0,20.0,248.0,180.0,142.0,189.0,0.47432509245606785,14.662338963023917,46029,classical,
IMG_4396.JPEG,9.0,20.0,247.0,190.0,142.0,191.0,0.5046612293360426,13.437061731515984,44475,classical,
IMG_4399.JPEG,9.0,20.0,248.0,186.0,143.0,191.0,0.476052511081566,14.807017843762969,44125,classical,
IMG_4402.JPEG,9.0,20.0,240.0,157.0,140.0,182.0,0.6498065236803162,18.28397807574968,43803,classical,
IMG_4404.JPEG,9.0,20.0,240.0,170.0,140.0,186.0,0.5607958811283913,18.270365307320063,42830,classical,
IMG_4406.JPEG,9.0,20.0,251.0,181.0,142.0,190.0,0.6270608928239487,16.645339587134824,42269,classical,
IMG_4407.JPEG,9.0,21.0,250.0,179.0,141.0,190.0,0.5695213155812334,17.585219873459177,42792,classical,
IMG_4410.JPEG,9.0,20.0,245.0,158.0,139.0,183.0,0.7298878137337891,24.03172478810536,45626,classical,
IMG_4435.JPEG,9.0,20.0,253.0,147.0,140.0,181.0,0.7953860637543775,14.719557689671445,46949,classical,
IMG_4437.JPEG,9.0,20.0,252.0,153.0,141.0,182.0,0.6317201775872812,16.38634033162923,46562,classical,
IMG_4439.JPEG,9.0,20.0,253.0,172.0,142.0,188.0,0.7011598516963581,11.186623977566807,45043,classical,
IMG_4440.JPEG,9.0,21.0,252.0,149.0,139.0,182.0,1.0009074101456628,24.209424554821222,49794,classical,
IMG_4442.JPEG,9.0,21.0,252.0,175.0,140.0,188.0,0.570249679497716,8.92650348397231,42572,classical,
IMG_4443.JPEG,9.0,21.0,254.0,173.0,141.0,188.0,0.5893416613695905,8.051557621242866,43273,classical,
IMG_4445.JPEG,9.0,20.0,255.0,145.0,141.0,180.0,0.9659178076608506,22.935482421772008,55619,classical,
IMG_4447.JPEG,9.0,20.0,253.0,162.0,142.0,185.0,0.6781175151906754,20.142784278022212,52631,classical,
IMG_4448.JPEG,9.0,20.0,254.0,173.0,143.0,187.0,0.6865156884152892,14.677933884069322,49707,classical,
IMG_4450.JPEG,9.0,20.0,254.0,181.0,142.0,190.0,0.5085178400142796,11.20853259165547,48349,classical,
IMG_4451.JPEG,9.0,20.0,254.0,184.0,143.0,190.0,0.5140425882489241,14.152625142346345,49128,classical,
IMG_4452.JPEG,11.0,21.0,248.0,158.0,139.0,183.0,0.9838384419223083,19.988868164870635,50492,classical,
IMG_4453.JPEG,11.0,21.0,252.0,176.0,141.0,189.0,0.9328726632447654,16.62795152600167,49507,classical,
IMG_4454.JPEG,11.0,21.0,249.0,165.0,140.0,185.0,1.0367861737247592,21.586576894939878,51956,classical,
IMG_4455.JPEG,11.0,21.0,251.0,166.0,139.0,186.0,0.9303377553674401,15.005577342604818,48967,classical,
IMG_4456.JPEG,11.0,21.0,253.0,173.0,140.0,188.0,0.9427689658807141,14.861978841806396,49915,classical,
IMG_4457.JPEG,11.0,21.0,254.0,176.0,141.0,189.0,0.8449713802727713,11.199001044163902,48196,classical,
IMG_4459.JPEG,9.0,20.0,255.0,161.0,142.0,185.0,0.9015056106713,22.508990989020564,48849,classical,
IMG_4460.JPEG,9.0,20.0,255.0,180.0,142.0,190.0,0.6177315436996721,12.22357806261905,45215,classical,
IMG_4461.JPEG,9.0,20.0,255.0,183.0,143.0,190.0,0.6241915759669989,12.776758360545907,45337,classical,
IMG_4463.JPEG,9.0,20.0,255.0,155.0,141.0,183.0,0.9623979433603005,16.996796331226243,48222,classical,
IMG_4464.JPEG,9.0,20.0,255.0,160.0,142.0,184.0,0.8317807912755176,19.8382716568892,48513,classical,
IMG_4465.JPEG,10.0,21.0,252.0,145.0,139.0,181.0,0.7535739664186833,17.59856776824296,50479,classical,
IMG_4468.JPEG,10.0,21.0,254.0,177.0,141.0,189.0,0.5620785789424466,12.944328193016826,46432,classical,
IMG_4470.JPEG,10.0,20.0,254.0,175.0,142.0,188.0,0.5616039188646367,10.410636071261026,46906,classical,
IMG_4472.JPEG,10.0,20.0,253.0,171.0,141.0,188.0,0.5968664232400489,10.011354243867645,47166,classical,
IMG_4474.JPEG,10.0,21.0,253.0,166.0,140.0,186.0,0.6026581751802201,12.608551427536737,46808,classical,
IMG_4475.JPEG,10.0,21.0,253.0,142.0,139.0,180.0,0.7002321870551825,14.77279018765586,49594,classical,
IMG_5127.JPEG,6.0,23.0,255.0,164.0,133.0,188.0,0.5969032955106317,12.839687784975183,56137,classical,
IMG_5129.JPEG,6.0,23.0,255.0,160.0,133.0,187.0,0.6602783962425157,11.704184375267245,52832,classical,
IMG_5130.JPEG,6.0,23.0,255.0,165.0,133.0,188.0,0.643253291037537,10.28331951610223,55694,classical,
IMG_5131.JPEG,6.0,23.0,255.0,166.0,134.0,188.0,0.6123998779908868,10.779113193431051,56139,classical,
IMG_5133.JPEG,6.0,23.0,255.0,161.0,133.0,187.0,0.6485946532625291,13.495932790097562,52081,classical,
IMG_5134.JPEG,6.0,23.0,255.0,163.0,133.0,188.0,0.6473603513503076,10.62376923304078,54869,classical,
IMG_5135.JPEG,6.0,23.0,255.0,164.0,131.0,189.0,0.5385252788762489,12.98406733391283,51919,classical,
IMG_5105.JPEG,4.0,24.0,252.0,175.0,131.0,191.0,0.5916544328626923,12.439246426833712,53907,classical,
IMG_5107.JPEG,4.0,24.0,252.0,179.0,129.0,193.0,0.4917443163392566,12.398156828072,50252,classical,
IMG_5108.JPEG,4.0,24.0,252.0,172.0,130.0,191.0,0.6488567310624963,12.849278889916652,49385,classical,
IMG_5110.JPEG,4.0,24.0,252.0,169.0,130.0,190.0,0.6194124401991861,15.413778344595825,54139,classical,
IMG_5112.JPEG,4.0,24.0,251.0,177.0,130.0,192.0,0.6234817392909835,16.182179891120636,52599,classical,
IMG_5113.JPEG,4.0,24.0,253.0,161.0,131.0,188.0,0.5337794262597361,10.825103211406274,52876,classical,
IMG_5115.JPEG,4.0,23.0,254.0,169.0,131.0,190.0,0.6029006935792703,16.76354651225411,56344,classical,
IMG_5116.JPEG,5.0,23.0,253.0,166.0,132.0,189.0,0.5151880863040947,14.96207260895983,55089,classical,
IMG_5117.JPEG,5.0,23.0,253.0,161.0,132.0,188.0,0.5150537261561908,13.943139408568861,56168,classical,
IMG_5119.JPEG,5.0,24.0,255.0,135.0,130.0,181.0,0.588877197832315,14.80348176525376,52563,classical,
IMG_5120.JPEG,5.0,23.0,255.0,134.0,131.0,180.0,0.5935839981384263,13.882183168472105,53088,classical,
IMG_5121.JPEG,5.0,23.0,255.0,144.0,132.0,183.0,0.5122313656256225,13.135115179538763,55331,classical,
IMG_5123.JPEG,5.0,23.0,253.0,157.0,132.0,186.0,0.47097433135658795,12.760296077056857,56189,classical,
IMG_5124.JPEG,5.0,23.0,255.0,145.0,132.0,184.0,0.5625264845930923,12.687842141900513,53189,classical,
IMG_5273.JPEG,10.0,23.0,255.0,164.0,134.0,188.0,0.43615051983566955,9.178545879376758,49730,classical,
IMG_5275.JPEG,10.0,23.0,255.0,166.0,133.0,189.0,0.2802946994112613,6.426291943352752,49247,classical,
IMG_5277.JPEG,10.0,23.0,255.0,166.0,134.0,188.0,0.34424825510418355,12.841539509247559,49691,classical,
IMG_5279.JPEG,10.0,23.0,255.0,167.0,133.0,189.0,0.36357072354827463,13.373232998591721,49359,classical,
IMG_5280.JPEG,10.0,23.0,255.0,168.0,134.0,189.0,0.44722989087585796,12.26536494087683,49450,classical,
IMG_5293.JPEG,8.0,23.0,253.0,172.0,133.0,190.0,0.34085020165095675,8.998303431743846,53766,classical,
IMG_5294.JPEG,8.0,23.0,254.0,168.0,132.0,189.0,0.4424233891711449,14.726704810757163,52774,classical,
IMG_5296.JPEG,8.0,23.0,247.0,174.0,132.0,190.0,0.3816328350010114,17.110445337103737,52660,classical,
IMG_5297.JPEG,8.0,23.0,254.0,175.0,132.0,191.0,0.3829254414571888,12.655774164706193,52681,classical,
IMG_5298.JPEG,8.0,23.0,253.0,161.0,133.0,187.0,0.31728922982716745,10.469152482833225,54197,classical,
IMG_5300.JPEG,8.0,23.0,255.0,168.0,133.0,189.0,0.31127734083696135,8.5161700523105,52876,classical,
IMG_5302.JPEG,8.0,23.0,254.0,173.0,133.0,191.0,0.3013737551847413,10.717666725309567,53096,classical,
IMG_5303.JPEG,8.0,23.0,254.0,180.0,133.0,193.0,0.31686512346142115,10.041822536687938,53961,classical,
IMG_5304.JPEG,5.0,23.0,255.0,167.0,132.0,189.0,0.5100949683765166,11.637078195841909,52099,classical,
IMG_5305.JPEG,5.0,24.0,253.0,158.0,131.0,187.0,0.5770505072913023,14.846118317261887,51106,classical,
IMG_5306.JPEG,5.0,23.0,255.0,155.0,132.0,186.0,0.510900913782024,14.272478816922137,53067,classical,
IMG_5307.JPEG,5.0,23.0,253.0,162.0,132.0,188.0,0.5490486717822861,12.5473509915077,52573,classical,
IMG_5308.JPEG,5.0,24.0,255.0,160.0,131.0,188.0,0.570594539920605,7.836340408239968,50829,classical,
IMG_5310.JPEG,5.0,23.0,253.0,161.0,132.0,188.0,0.5707611735842552,8.827433440587074,50179,classical,
IMG_5311.JPEG,5.0,23.0,255.0,147.0,132.0,184.0,0.5186125424992227,11.635765695743101,53103,classical,
IMG_5149.JPEG,10.0,19.0,255.0,163.0,146.0,184.0,0.6974942746243044,13.757571681505247,52310,classical,
IMG_5150.JPEG,10.0,19.0,255.0,155.0,145.0,182.0,0.6936093973719444,13.257816173132317,52278,classical,
IMG_5151.JPEG,10.0,19.0,255.0,160.0,145.0,183.0,0.748313756973442,14.805492639108559,51650,classical,
IMG_5153.JPEG,10.0,19.0,255.0,155.0,144.0,182.0,0.5589136770685803,12.58486771371342,50295,classical,
IMG_5154.JPEG,10.0,19.0,255.0,153.0,145.0,181.0,0.6451136560594655,13.047758418690677,50891,classical,
IMG_5156.JPEG,12.0,18.0,255.0,163.0,147.0,183.0,0.8804350159468833,21.817978208480827,54808,classical,
IMG_5157.JPEG,12.0,19.0,255.0,161.0,145.0,183.0,0.7080069098774303,13.132065272927923,48877,classical,
IMG_5158.JPEG,12.0,19.0,255.0,156.0,146.0,182.0,0.9150425985780265,15.253769848048725,50944,classical,
IMG_5159.JPEG,12.0,18.0,255.0,157.0,146.0,182.0,1.0479120590687636,21.765721490043088,54718,classical,
IMG_5160.JPEG,12.0,19.0,255.0,157.0,145.0,183.0,0.634009330014483,11.722289315047325,48766,classical,
IMG_5161.JPEG,12.0,18.0,255.0,162.0,147.0,184.0,0.8646133754071742,15.095484688992247,51390,classical,
IMG_5162.JPEG,12.0,18.0,255.0,158.0,147.0,182.0,0.8187240449125468,16.06089182579195,53245,classical,
IMG_5163.JPEG,12.0,18.0,255.0,156.0,146.0,182.0,0.9205313644551542,14.83829254697905,52180,classical,
IMG_5173.JPEG,11.0,18.0,255.0,160.0,149.0,182.0,0.6440831273183169,9.318932616819033,54251,classical,
IMG_5174.JPEG,11.0,17.0,253.0,153.0,149.0,180.0,0.6440879049522896,10.435655344529327,55470,classical,
IMG_5176.JPEG,11.0,17.0,255.0,162.0,149.0,182.0,0.6116717878884843,11.704148209601357,53657,classical,
IMG_5178.JPEG,11.0,18.0,255.0,155.0,149.0,181.0,0.6883693153823324,10.820481997755452,53004,classical,
IMG_5179.JPEG,11.0,18.0,255.0,159.0,148.0,182.0,0.6546459361853705,10.360183492150734,54060,classical,
IMG_5181.JPEG,11.0,18.0,255.0,159.0,149.0,182.0,0.5820665138745758,9.569991330648156,54304,classical,
IMG_5182.JPEG,12.0,18.0,255.0,158.0,147.0,182.0,0.5839885491486272,10.091819284414084,41376,classical,
IMG_5183.JPEG,12.0,19.0,255.0,168.0,147.0,185.0,0.6427715774487657,13.549318353426374,39816,classical,
IMG_5186.JPEG,12.0,18.0,255.0,163.0,147.0,184.0,0.5571432481472932,10.628534571836637,40229,classical,
IMG_5189.JPEG,12.0,18.0,255.0,160.0,147.0,183.0,0.5960416456504074,8.02545330533852,40651,classical,
IMG_5190.JPEG,12.0,18.0,255.0,163.0,147.0,184.0,0.5677898424665848,8.216074138458737,41681,classical,
IMG_5191.JPEG,12.0,18.0,255.0,163.0,147.0,184.0,0.5760681304458682,10.667329128384516,42164,classical,
IMG_5192.JPEG,12.0,19.0,255.0,157.0,145.0,183.0,0.6117194668989409,12.171849141957232,40664,classical,
IMG_5206.JPEG,11.0,18.0,255.0,158.0,148.0,182.0,0.628343956822593,10.332758754768896,47549,classical,
IMG_5208.JPEG,11.0,18.0,255.0,151.0,147.0,180.0,0.6194062170281932,9.863109264233067,47974,classical,
IMG_5209.JPEG,11.0,18.0,255.0,150.0,147.0,180.0,0.6392258118170676,10.12846653743011,48235,classical,
IMG_5210.JPEG,11.0,18.0,255.0,158.0,148.0,182.0,0.5577850375435373,10.394680495264945,48398,classical,
IMG_5211.JPEG,11.0,18.0,255.0,160.0,148.0,183.0,0.5631951709039739,9.904105744822477,48414,classical,
IMG_5212.JPEG,11.0,18.0,255.0,157.0,148.0,182.0,0.6245204704117954,9.778443589363013,47627,classical,
IMG_5214.JPEG,11.0,18.0,255.0,162.0,148.0,183.0,0.6108557141594483,12.334396906366557,47127,classical,
IMG_5215.JPEG,11.0,18.0,255.0,158.0,148.0,182.0,0.6489754151949433,14.78982772735873,47978,classical,
IMG_5217.JPEG,11.0,18.0,255.0,163.0,148.0,183.0,0.5977019744992135,11.038364593458898,48344,classical,
IMG_5218.JPEG,11.0,18.0,255.0,158.0,148.0,182.0,0.6362994629379378,11.64007048925569,47074,classical,
IMG_5220.JPEG,10.0,18.0,255.0,166.0,148.0,184.0,0.6822091703262284,9.978129128884726,49746,classical,
IMG_5222.JPEG,10.0,18.0,255.0,166.0,148.0,184.0,0.6881389362414628,13.755447887730332,51341,classical,
IMG_5224.JPEG,10.0,19.0,255.0,168.0,146.0,185.0,0.6171455609557137,9.905092665803057,47649,classical,
IMG_5226.JPEG,10.0,18.0,255.0,157.0,146.0,182.0,0.6984604909177698,10.614338655356457,48305,classical,
IMG_5228.JPEG,10.0,18.0,255.0,160.0,147.0,183.0,0.7186003658978216,11.559072984955325,48077,classical,
IMG_5230.JPEG,10.0,19.0,255.0,171.0,146.0,186.0,0.5810577249259445,10.453045902111805,47556,classical,
